{
  "version": 1,
  "author": "Manish Chaudhary (Abhinaya)",
  "editor": "wokwi",
  "parts": [
    { "type": "wokwi-breadboard", "id": "bb1", "top": -166.2, "left": 252.4, "attrs": {} },
    { "type": "wokwi-arduino-uno", "id": "uno", "top": 135, "left": 393, "attrs": {} },
    {
      "type": "wokwi-pushbutton",
      "id": "btn1",
      "top": -86.5,
      "left": 800.3,
      "rotate": 90,
      "attrs": { "color": "green" }
    },
    {
      "type": "wokwi-pushbutton",
      "id": "btn2",
      "top": -86.5,
      "left": 752.3,
      "rotate": 90,
      "attrs": { "color": "green" }
    },
    {
      "type": "wokwi-pushbutton",
      "id": "btn3",
      "top": -86.5,
      "left": 608.3,
      "rotate": 90,
      "attrs": { "color": "green" }
    },
    {
      "type": "wokwi-pushbutton",
      "id": "btn4",
      "top": -86.5,
      "left": 656.3,
      "rotate": 90,
      "attrs": { "color": "green" }
    },
    {
      "type": "wokwi-pushbutton",
      "id": "btn6",
      "top": -86.5,
      "left": 704.3,
      "rotate": 90,
      "attrs": { "color": "green" }
    },
    {
      "type": "wokwi-buzzer",
      "id": "bz1",
      "top": -199.2,
      "left": 520.2,
      "attrs": { "volume": "0.1" }
    },
    {
      "type": "wokwi-pushbutton",
      "id": "btn5",
      "top": -86.5,
      "left": 445.1,
      "rotate": 90,
      "attrs": { "color": "green" }
    },
    {
      "type": "wokwi-led",
      "id": "led1",
      "top": -157.2,
      "left": 416.6,
      "attrs": { "color": "red" }
    },
    {
      "type": "wokwi-led",
      "id": "led2",
      "top": -157.2,
      "left": 301.4,
      "attrs": { "color": "red" }
    },
    {
      "type": "wokwi-led",
      "id": "led3",
      "top": -157.2,
      "left": 330.2,
      "attrs": { "color": "red" }
    },
    { "type": "wokwi-led", "id": "led4", "top": -157.2, "left": 359, "attrs": { "color": "red" } },
    {
      "type": "wokwi-led",
      "id": "led5",
      "top": -157.2,
      "left": 387.8,
      "attrs": { "color": "red" }
    },
    {
      "type": "wokwi-resistor",
      "id": "r1",
      "top": -62.4,
      "left": 297.05,
      "rotate": 90,
      "attrs": { "value": "200" }
    },
    {
      "type": "wokwi-resistor",
      "id": "r2",
      "top": -62.4,
      "left": 383.45,
      "rotate": 90,
      "attrs": { "value": "200" }
    },
    {
      "type": "wokwi-resistor",
      "id": "r3",
      "top": -62.4,
      "left": 325.85,
      "rotate": 90,
      "attrs": { "value": "200" }
    },
    {
      "type": "wokwi-resistor",
      "id": "r4",
      "top": -62.4,
      "left": 354.65,
      "rotate": 90,
      "attrs": { "value": "200" }
    },
    {
      "type": "wokwi-resistor",
      "id": "r5",
      "top": -62.4,
      "left": 412.25,
      "rotate": 90,
      "attrs": { "value": "200" }
    }
  ],
  "connections": [
    [ "bb1:55b.i", "uno:3", "green", [ "v105.6", "h-464.8" ] ],
    [ "bb1:50b.i", "uno:4", "green", [ "v76.8", "h-138.3" ] ],
    [ "btn4:1.r", "uno:5", "green", [ "v77", "h-99.8" ] ],
    [ "btn3:1.r", "uno:6", "green", [ "v57.8", "h-61.3" ] ],
    [ "btn1:1.r", "uno:2", "green", [ "v125", "h-211.2", "v28.8" ] ],
    [ "led2:C", "bb1:bp.7", "green", [ "v0" ] ],
    [ "bb1:21b.i", "bb1:bp.16", "green", [ "v0" ] ],
    [ "bb1:23b.i", "uno:7", "green", [ "v105.6", "h86.4" ] ],
    [ "bb1:18b.i", "uno:9", "green", [ "v124.8", "h105.6" ] ],
    [ "bb1:15b.i", "uno:10", "green", [ "v115.2", "h115.2" ] ],
    [ "bb1:12b.i", "uno:11", "green", [ "v144", "h134.4" ] ],
    [ "bb1:9b.i", "uno:12", "green", [ "v115.2", "h48" ] ],
    [ "bb1:6b.i", "uno:13", "green", [ "v134.4", "h182.4" ] ],
    [ "uno:GND.3", "bb1:bp.20", "black", [ "v0" ] ],
    [ "bb1:17t.c", "bb1:14t.c", "green", [ "v0" ] ],
    [ "bb1:14t.b", "bb1:11t.b", "green", [ "v0" ] ],
    [ "bb1:11t.c", "bb1:8t.c", "green", [ "v0", "h-28.8" ] ],
    [ "bb1:8t.b", "bb1:5t.b", "green", [ "v0" ] ],
    [ "bb1:29t.c", "bb1:bp.23", "green", [ "v0" ] ],
    [ "bb1:30t.b", "uno:8", "green", [ "v0" ] ],
    [ "bb1:58b.i", "bb1:53b.i", "green", [ "v0", "h-48" ] ],
    [ "bb1:53b.j", "bb1:48b.j", "green", [ "v0" ] ],
    [ "bb1:48b.i", "bb1:43b.i", "green", [ "v0" ] ],
    [ "bb1:43b.j", "bb1:38b.j", "green", [ "v0" ] ],
    [ "bb1:38b.i", "bb1:bp.31", "green", [ "v0" ] ],
    [ "btn1:1.l", "bb1:60t.c", "", [ "$bb" ] ],
    [ "btn1:2.l", "bb1:58t.c", "", [ "$bb" ] ],
    [ "btn1:1.r", "bb1:60b.h", "", [ "$bb" ] ],
    [ "btn1:2.r", "bb1:58b.h", "", [ "$bb" ] ],
    [ "btn3:1.l", "bb1:40t.c", "", [ "$bb" ] ],
    [ "btn3:2.l", "bb1:38t.c", "", [ "$bb" ] ],
    [ "btn3:1.r", "bb1:40b.h", "", [ "$bb" ] ],
    [ "btn3:2.r", "bb1:38b.h", "", [ "$bb" ] ],
    [ "btn4:1.l", "bb1:45t.c", "", [ "$bb" ] ],
    [ "btn4:2.l", "bb1:43t.c", "", [ "$bb" ] ],
    [ "btn4:1.r", "bb1:45b.h", "", [ "$bb" ] ],
    [ "btn4:2.r", "bb1:43b.h", "", [ "$bb" ] ],
    [ "btn6:1.l", "bb1:50t.c", "", [ "$bb" ] ],
    [ "btn6:2.l", "bb1:48t.c", "", [ "$bb" ] ],
    [ "btn6:1.r", "bb1:50b.h", "", [ "$bb" ] ],
    [ "btn6:2.r", "bb1:48b.h", "", [ "$bb" ] ],
    [ "bz1:1", "bb1:29t.a", "", [ "$bb" ] ],
    [ "bz1:2", "bb1:30t.a", "", [ "$bb" ] ],
    [ "btn5:1.l", "bb1:23t.c", "", [ "$bb" ] ],
    [ "btn5:2.l", "bb1:21t.c", "", [ "$bb" ] ],
    [ "btn5:1.r", "bb1:23b.h", "", [ "$bb" ] ],
    [ "btn5:2.r", "bb1:21b.h", "", [ "$bb" ] ],
    [ "led1:A", "bb1:18t.a", "", [ "$bb" ] ],
    [ "led1:C", "bb1:17t.a", "", [ "$bb" ] ],
    [ "led2:A", "bb1:6t.a", "", [ "$bb" ] ],
    [ "led2:C", "bb1:5t.a", "", [ "$bb" ] ],
    [ "led3:A", "bb1:9t.a", "", [ "$bb" ] ],
    [ "led3:C", "bb1:8t.a", "", [ "$bb" ] ],
    [ "led4:A", "bb1:12t.a", "", [ "$bb" ] ],
    [ "led4:C", "bb1:11t.a", "", [ "$bb" ] ],
    [ "led5:A", "bb1:15t.a", "", [ "$bb" ] ],
    [ "led5:C", "bb1:14t.a", "", [ "$bb" ] ],
    [ "r1:1", "bb1:6t.d", "", [ "$bb" ] ],
    [ "r1:2", "bb1:6b.h", "", [ "$bb" ] ],
    [ "r2:1", "bb1:15t.d", "", [ "$bb" ] ],
    [ "r2:2", "bb1:15b.h", "", [ "$bb" ] ],
    [ "r3:1", "bb1:9t.d", "", [ "$bb" ] ],
    [ "r3:2", "bb1:9b.h", "", [ "$bb" ] ],
    [ "r4:1", "bb1:12t.d", "", [ "$bb" ] ],
    [ "r4:2", "bb1:12b.h", "", [ "$bb" ] ],
    [ "btn2:1.l", "bb1:55t.c", "", [ "$bb" ] ],
    [ "btn2:2.l", "bb1:53t.c", "", [ "$bb" ] ],
    [ "btn2:1.r", "bb1:55b.h", "", [ "$bb" ] ],
    [ "btn2:2.r", "bb1:53b.h", "", [ "$bb" ] ],
    [ "r5:1", "bb1:18t.d", "", [ "$bb" ] ],
    [ "r5:2", "bb1:18b.h", "", [ "$bb" ] ]
  ],
  "dependencies": {}
}